$4kai_2_1	$selected UNL:A:1
$4kai_2_2	$selected UNL:A:1
$4kai_2_3	$selected UNL:A:1
$4kai_2_5	$selected UNL:A:1
$4kai_3_1	$selected UNL:A:1
$4kai_3_5	$selected UNL:A:1
$4kai_4_1	$selected UNL:A:1
$4kai_4_2	$selected UNL:A:1
$4kai_4_3	$selected UNL:A:1
$4kai_4_4	$selected UNL:A:1
$4kai_4_5	$selected UNL:A:1
$4kai_4_6	$selected UNL:A:1
$4kai_4_7	$selected UNL:A:1
$4kai_4_8	$selected UNL:A:1
$4kai_4_9	$selected UNL:A:1
$4kai_5_1	$selected UNL:A:1
$4kai_5_2	$selected UNL:A:1
$4kai_5_3	$selected UNL:A:1
$4kai_5_4	$selected UNL:A:1
$4kai_5_5	$selected UNL:A:1
$4kai_5_6	$selected UNL:A:1
$4kai_5_7	$selected UNL:A:1
$4kai_5_8	$selected UNL:A:1
$4kai_5_9	$selected UNL:A:1
$4kai_6_2	$selected UNL:A:1
$4kai_6_3	$selected UNL:A:1
$4kai_6_4	$selected UNL:A:1
$4kai_7_1	$selected UNL:A:1
$4kai_7_2	$selected UNL:A:1
$4kai_7_3	$selected UNL:A:1
$4kai_8_1	$selected UNL:A:1
$4kai_8_2	$selected UNL:A:1
$4kai_8_3	$selected UNL:A:1
$4kai_8_4	$selected UNL:A:1
$4kai_8_5	$selected UNL:A:1
$4kai_8_6	$selected UNL:A:1
$4kai_8_8	$selected UNL:A:1
$4kai_8_9	$selected UNL:A:1
$4kai_9_1	$selected UNL:A:1
$4kai_9_2	$selected UNL:A:1
$4kai_9_3	$selected UNL:A:1
$4kai_9_4	$selected UNL:A:1
$4kai_9_5	$selected UNL:A:1
$4kai_9_6	$selected UNL:A:1
$4kai_9_7	$selected UNL:A:1
$4kai_9_8	$selected UNL:A:1
$4kai_9_9	$selected UNL:A:1
$4kai_10_1	$selected UNL:A:1
$4kai_10_2	$selected UNL:A:1
$4kai_10_3	$selected UNL:A:1
$4kai_10_4	$selected UNL:A:1
$4kai_10_5	$selected UNL:A:1
$4kai_10_6	$selected UNL:A:1
$4kai_10_7	$selected UNL:A:1
$4kai_10_8	$selected UNL:A:1
$4kai_10_9	$selected UNL:A:1
$4kai_11_1	$selected UNL:A:1
$4kai_11_2	$selected UNL:A:1
$4kai_11_3	$selected UNL:A:1
$4kai_11_4	$selected UNL:A:1
$4kai_11_5	$selected UNL:A:1
$4kai_11_6	$selected UNL:A:1
$4kai_11_7	$selected UNL:A:1
$4kai_11_8	$selected UNL:A:1
$4kai_11_9	$selected UNL:A:1
$4kai_12_1	$selected UNL:A:1
$4kai_12_2	$selected UNL:A:1
$4kai_12_3	$selected UNL:A:1
$4kai_12_4	$selected UNL:A:1
$4kai_12_5	$selected UNL:A:1
$4kai_12_6	$selected UNL:A:1
$4kai_12_7	$selected UNL:A:1
$4kai_12_8	$selected UNL:A:1
$4kai_13_1	$selected UNL:A:1
$4kai_13_2	$selected UNL:A:1
$4kai_13_5	$selected UNL:A:1
$4kai_13_6	$selected UNL:A:1
$4kai_13_7	$selected UNL:A:1
$4kai_14_1	$selected UNL:A:1
$4kai_14_2	$selected UNL:A:1
$4kai_14_3	$selected UNL:A:1
$4kai_14_4	$selected UNL:A:1
$4kai_14_5	$selected UNL:A:1
$4kai_14_6	$selected UNL:A:1
$4kai_14_7	$selected UNL:A:1
$4kai_14_8	$selected UNL:A:1
$4kai_14_9	$selected UNL:A:1
$4kai_15_1	$selected UNL:A:1
$4kai_15_2	$selected UNL:A:1
$4kai_15_3	$selected UNL:A:1
$4kai_15_4	$selected UNL:A:1
$4kai_15_5	$selected UNL:A:1
$4kai_15_6	$selected UNL:A:1
$4kai_15_7	$selected UNL:A:1
$4kai_15_8	$selected UNL:A:1
$4kai_15_9	$selected UNL:A:1
$4kai_16_1	$selected UNL:A:1
$4kai_16_2	$selected UNL:A:1
$4kai_16_3	$selected UNL:A:1
$4kai_16_4	$selected UNL:A:1
$4kai_16_5	$selected UNL:A:1
$4kai_16_6	$selected UNL:A:1
$4kai_16_8	$selected UNL:A:1
$4kai_16_9	$selected UNL:A:1
$4kai_17_2	$selected UNL:A:1
$4kai_17_3	$selected UNL:A:1
$4kai_17_4	$selected UNL:A:1
$4kai_17_5	$selected UNL:A:1
$4kai_18_1	$selected UNK:A:0
$4kai_18_2	$selected UNK:A:0
$4kai_18_3	$selected UNK:A:0
$4kai_18_5	$selected UNK:A:0
$4kai_18_9	$selected UNK:A:0
$4kai_19_1	$selected UNL:A:1
$4kai_19_2	$selected UNL:A:1
$4kai_19_3	$selected UNL:A:1
$4kai_19_4	$selected UNL:A:1
$4kai_19_5	$selected UNL:A:1
$4kai_19_6	$selected UNL:A:1
$4kai_19_7	$selected UNL:A:1
$4kai_19_8	$selected UNL:A:1
$4kai_19_9	$selected UNL:A:1
$4kai_20_1	$selected UNL:A:1
$4kai_20_2	$selected UNL:A:1
$4kai_20_3	$selected UNL:A:1
$4kai_20_4	$selected UNL:A:1
$4kai_20_5	$selected UNL:A:1
$4kai_20_6	$selected UNL:A:1
$4kai_20_7	$selected UNL:A:1
$4kai_20_8	$selected UNL:A:1
$4kai_21_1	$selected UNL:A:1
$4kai_21_2	$selected UNL:A:1
$4kai_21_3	$selected UNL:A:1
$4kai_21_4	$selected UNL:A:1
$4kai_21_5	$selected UNL:A:1
$4kai_21_6	$selected UNL:A:1
$4kai_21_7	$selected UNL:A:1
$4kai_21_8	$selected UNL:A:1
$4kai_21_9	$selected UNL:A:1
$4kai_22_1	$selected UNL:A:1
$4kai_22_2	$selected UNL:A:1
$4kai_22_3	$selected UNL:A:1
$4kai_22_4	$selected UNL:A:1
$4kai_22_5	$selected UNL:A:1
$4kai_22_6	$selected UNL:A:1
$4kai_22_7	$selected UNL:A:1
$4kai_23_1	$selected UNL:A:1
$4kai_23_2	$selected UNL:A:1
$4kai_23_3	$selected UNL:A:1
$4kai_23_4	$selected UNL:A:1
$4kai_23_5	$selected UNL:A:1
$4kai_23_6	$selected UNL:A:1
$4kai_24_1	$selected UNL:A:1
$4kai_24_3	$selected UNL:A:1
$4kai_24_4	$selected UNL:A:1
$4kai_24_5	$selected UNL:A:1
$4kai_24_6	$selected UNL:A:1
$4kai_24_7	$selected UNL:A:1
$4kai_24_8	$selected UNL:A:1
$4kai_24_9	$selected UNL:A:1
$4kai_25_1	$selected UNL:A:1
$4kai_25_2	$selected UNL:A:1
$4kai_25_3	$selected UNL:A:1
$4kai_25_4	$selected UNL:A:1
$4kai_25_5	$selected UNL:A:1
$4kai_25_6	$selected UNL:A:1
$4kai_25_7	$selected UNL:A:1
$4kai_25_8	$selected UNL:A:1
$4kai_25_9	$selected UNL:A:1
$4kai_26_1	$selected UNL:A:1
$4kai_26_2	$selected UNL:A:1
$4kai_26_3	$selected UNL:A:1
$4kai_26_4	$selected UNL:A:1
$4kai_26_5	$selected UNL:A:1
$4kai_26_6	$selected UNL:A:1
$4kai_26_7	$selected UNL:A:1
$4kai_26_9	$selected UNL:A:1
$4kai_27_1	$selected UNL:A:1
$4kai_27_2	$selected UNL:A:1
$4kai_27_3	$selected UNL:A:1
$4kai_27_4	$selected UNL:A:1
$4kai_27_5	$selected UNL:A:1
$4kai_27_6	$selected UNL:A:1
$4kai_27_7	$selected UNL:A:1
$4kai_27_8	$selected UNL:A:1
$4kai_27_9	$selected UNL:A:1
$4kai_28_1	$selected UNL:A:1
$4kai_28_2	$selected UNL:A:1
$4kai_28_3	$selected UNL:A:1
$4kai_28_4	$selected UNL:A:1
$4kai_28_5	$selected UNL:A:1
$4kai_28_6	$selected UNL:A:1
$4kai_28_7	$selected UNL:A:1
$4kai_28_8	$selected UNL:A:1
$4kai_28_9	$selected UNL:A:1
$4kai_29_1	$selected UNL:A:1
$4kai_29_2	$selected UNL:A:1
$4kai_29_3	$selected UNL:A:1
$4kai_29_4	$selected UNL:A:1
$4kai_29_5	$selected UNL:A:1
$4kai_29_6	$selected UNL:A:1
$4kai_29_7	$selected UNL:A:1
$4kai_30_1	$selected UNL:A:1
$4kai_30_2	$selected UNL:A:1
$4kai_30_3	$selected UNL:A:1
$4kai_30_4	$selected UNL:A:1
$4kai_30_5	$selected UNL:A:1
$4kai_31_1	$selected UNL:A:1
$4kai_31_2	$selected UNL:A:1
$4kai_31_3	$selected UNL:A:1
$4kai_31_4	$selected UNL:A:1
$4kai_31_5	$selected UNL:A:1
$4kai_31_6	$selected UNL:A:1
$4kai_31_7	$selected UNL:A:1
$4kai_32_1	$selected UNL:A:1
$4kai_32_2	$selected UNL:A:1
$4kai_32_3	$selected UNL:A:1
$4kai_32_4	$selected UNL:A:1
$4kai_32_5	$selected UNL:A:1
$4kai_32_6	$selected UNL:A:1
$4kai_32_7	$selected UNL:A:1
$4kai_32_8	$selected UNL:A:1
$4kai_32_9	$selected UNL:A:1
$4kai_33_1	$selected UNL:A:1
$4kai_33_2	$selected UNL:A:1
$4kai_33_3	$selected UNL:A:1
$4kai_34_1	$selected UNL:A:1
$4kai_34_2	$selected UNL:A:1
$4kai_34_3	$selected UNL:A:1
$4kai_34_4	$selected UNL:A:1
$4kai_34_5	$selected UNL:A:1
$4kai_34_6	$selected UNL:A:1
$4kai_34_7	$selected UNL:A:1
$4kai_35_1	$selected UNL:A:1
$4kai_35_2	$selected UNL:A:1
$4kai_35_3	$selected UNL:A:1
$4kai_35_4	$selected UNL:A:1
$4kai_35_5	$selected UNL:A:1
$4kai_35_6	$selected UNL:A:1
$4kai_35_7	$selected UNL:A:1
$4kai_35_8	$selected UNL:A:1
$4kai_35_9	$selected UNL:A:1
$4kai_36_1	$selected UNL:A:1
$4kai_36_2	$selected UNL:A:1
$4kai_36_3	$selected UNL:A:1
$4kai_36_4	$selected UNL:A:1
$4kai_36_5	$selected UNL:A:1
$4kai_36_6	$selected UNL:A:1
$4kai_36_7	$selected UNL:A:1
$4kai_36_8	$selected UNL:A:1
$4kai_36_9	$selected UNL:A:1
$4kai_37_1	$selected UNL:A:1
$4kai_37_2	$selected UNL:A:1
$4kai_37_3	$selected UNL:A:1
$4kai_37_4	$selected UNL:A:1
$4kai_37_5	$selected UNL:A:1
$4kai_37_6	$selected UNL:A:1
$4kai_37_7	$selected UNL:A:1
$4kai_37_8	$selected UNL:A:1
$4kai_37_9	$selected UNL:A:1
$4kai_38_1	$selected UNL:A:1
$4kai_38_2	$selected UNL:A:1
$4kai_38_3	$selected UNL:A:1
$4kai_38_4	$selected UNL:A:1
$4kai_38_5	$selected UNL:A:1
$4kai_38_6	$selected UNL:A:1
$4kai_38_7	$selected UNL:A:1
$4kai_38_8	$selected UNL:A:1
$4kai_38_9	$selected UNL:A:1
$4kai_39_1	$selected UNL:A:1
$4kai_39_2	$selected UNL:A:1
$4kai_39_3	$selected UNL:A:1
$4kai_39_4	$selected UNL:A:1
$4kai_39_5	$selected UNL:A:1
$4kai_39_6	$selected UNL:A:1
$4kai_39_7	$selected UNL:A:1
$4kai_39_8	$selected UNL:A:1
$4kai_39_9	$selected UNL:A:1
$4kai_40_1	$selected UNL:A:1
$4kai_40_2	$selected UNL:A:1
$4kai_40_3	$selected UNL:A:1
$4kai_40_4	$selected UNL:A:1
$4kai_40_5	$selected UNL:A:1
$4kai_40_6	$selected UNL:A:1
$4kai_40_7	$selected UNL:A:1
$4kai_40_8	$selected UNL:A:1
$4kai_40_9	$selected UNL:A:1
$4kai_41_1	$selected UNL:A:1
$4kai_41_2	$selected UNL:A:1
$4kai_41_3	$selected UNL:A:1
$4kai_41_4	$selected UNL:A:1
$4kai_41_5	$selected UNL:A:1
$4kai_41_6	$selected UNL:A:1
$4kai_41_7	$selected UNL:A:1
$4kai_41_8	$selected UNL:A:1
$4kai_41_9	$selected UNL:A:1
$4kai_42_1	$selected UNL:A:1
$4kai_42_2	$selected UNL:A:1
$4kai_42_3	$selected UNL:A:1
$4kai_42_4	$selected UNL:A:1
$4kai_42_5	$selected UNL:A:1
$4kai_42_6	$selected UNL:A:1
$4kai_42_7	$selected UNL:A:1
$4kai_43_1	$selected UNL:A:1
$4kai_43_2	$selected UNL:A:1
$4kai_43_3	$selected UNL:A:1
$4kai_43_4	$selected UNL:A:1
$4kai_43_5	$selected UNL:A:1
$4kai_43_6	$selected UNL:A:1
$4kai_44_1	$selected UNL:A:1
$4kai_44_3	$selected UNL:A:1
$4kai_44_4	$selected UNL:A:1
$4kai_44_5	$selected UNL:A:1
$4kai_44_6	$selected UNL:A:1
$4kai_44_7	$selected UNL:A:1
$4kai_44_8	$selected UNL:A:1
$4kai_45_1	$selected UNL:A:1
$4kai_45_2	$selected UNL:A:1
$4kai_45_3	$selected UNL:A:1
$4kai_45_4	$selected UNL:A:1
$4kai_45_5	$selected UNL:A:1
$4kai_45_6	$selected UNL:A:1
$4kai_45_7	$selected UNL:A:1
$4kai_45_8	$selected UNL:A:1
$4kai_45_9	$selected UNL:A:1
$4kai_46_1	$selected UNL:A:1
$4kai_46_2	$selected UNL:A:1
$4kai_46_3	$selected UNL:A:1
$4kai_46_4	$selected UNL:A:1
$4kai_46_5	$selected UNL:A:1
$4kai_46_6	$selected UNL:A:1
$4kai_46_7	$selected UNL:A:1
$4kai_46_8	$selected UNL:A:1
$4kai_46_9	$selected UNL:A:1
$4kai_47_1	$selected UNL:A:1
$4kai_47_2	$selected UNL:A:1
$4kai_47_3	$selected UNL:A:1
$4kai_47_4	$selected UNL:A:1
$4kai_47_5	$selected UNL:A:1
$4kai_47_6	$selected UNL:A:1
$4kai_47_7	$selected UNL:A:1
$4kai_47_8	$selected UNL:A:1
$4kai_48_1	$selected UNL:A:1
$4kai_48_2	$selected UNL:A:1
$4kai_48_3	$selected UNL:A:1
$4kai_48_4	$selected UNL:A:1
$4kai_48_5	$selected UNL:A:1
$4kai_48_6	$selected UNL:A:1
$4kai_48_7	$selected UNL:A:1
$4kai_48_8	$selected UNL:A:1
$4kai_48_9	$selected UNL:A:1
$4kai_49_1	$selected UNL:A:1
$4kai_49_2	$selected UNL:A:1
$4kai_49_3	$selected UNL:A:1
$4kai_49_4	$selected UNL:A:1
$4kai_49_5	$selected UNL:A:1
$4kai_49_6	$selected UNL:A:1
$4kai_49_7	$selected UNL:A:1
$4kai_49_8	$selected UNL:A:1
$4kai_49_9	$selected UNL:A:1
$4kai_50_1	$selected UNL:A:1
$4kai_50_2	$selected UNL:A:1
$4kai_50_3	$selected UNL:A:1
$4kai_50_4	$selected UNL:A:1
$4kai_51_1	$selected UNL:A:1
$4kai_51_2	$selected UNL:A:1
$4kai_51_3	$selected UNL:A:1
$4kai_51_4	$selected UNL:A:1
$4kai_51_5	$selected UNL:A:1
$4kai_51_6	$selected UNL:A:1
$4kai_51_7	$selected UNL:A:1
$4kai_51_8	$selected UNL:A:1
$4kai_51_9	$selected UNL:A:1
$4kai_52_1	$selected UNL:A:1
$4kai_52_2	$selected UNL:A:1
$4kai_52_3	$selected UNL:A:1
$4kai_52_4	$selected UNL:A:1
$4kai_53_1	$selected UNL:A:1
$4kai_53_2	$selected UNL:A:1
$4kai_53_3	$selected UNL:A:1
$4kai_53_4	$selected UNL:A:1
$4kai_53_5	$selected UNL:A:1
$4kai_53_6	$selected UNL:A:1
$4kai_53_7	$selected UNL:A:1
$4kai_53_9	$selected UNL:A:1
$4kai_54_1	$selected UNL:A:1
$4kai_54_2	$selected UNL:A:1
$4kai_54_3	$selected UNL:A:1
$4kai_54_4	$selected UNL:A:1
$4kai_54_5	$selected UNL:A:1
$4kai_54_6	$selected UNL:A:1
$4kai_54_7	$selected UNL:A:1
$4kai_54_8	$selected UNL:A:1
$4kai_54_9	$selected UNL:A:1
$4kai_55_1	$selected UNL:A:1
$4kai_55_2	$selected UNL:A:1
$4kai_55_3	$selected UNL:A:1
$4kai_55_4	$selected UNL:A:1
$4kai_55_5	$selected UNL:A:1
$4kai_56_1	$selected UNL:A:1
$4kai_56_2	$selected UNL:A:1
$4kai_56_3	$selected UNL:A:1
$4kai_56_4	$selected UNL:A:1
$4kai_56_5	$selected UNL:A:1
$4kai_56_6	$selected UNL:A:1
$4kai_56_7	$selected UNL:A:1
$4kai_57_1	$selected UNL:A:1
$4kai_57_2	$selected UNL:A:1
$4kai_57_3	$selected UNL:A:1
$4kai_57_4	$selected UNL:A:1
$4kai_57_5	$selected UNL:A:1
$4kai_57_6	$selected UNL:A:1
$4kai_57_7	$selected UNL:A:1
$4kai_57_8	$selected UNL:A:1
$4kai_57_9	$selected UNL:A:1
$4kai_58_1	$selected UNL:A:1
$4kai_58_2	$selected UNL:A:1
$4kai_58_3	$selected UNL:A:1
$4kai_58_4	$selected UNL:A:1
$4kai_58_5	$selected UNL:A:1
$4kai_58_6	$selected UNL:A:1
$4kai_58_7	$selected UNL:A:1
$4kai_58_8	$selected UNL:A:1
$4kai_58_9	$selected UNL:A:1
$4kai_59_1	$selected UNL:A:1
$4kai_59_2	$selected UNL:A:1
$4kai_59_3	$selected UNL:A:1
$4kai_59_4	$selected UNL:A:1
$4kai_59_5	$selected UNL:A:1
$4kai_59_6	$selected UNL:A:1
$4kai_59_7	$selected UNL:A:1
$4kai_60_1	$selected UNL:A:1
$4kai_60_2	$selected UNL:A:1
$4kai_60_3	$selected UNL:A:1
$4kai_60_4	$selected UNL:A:1
$4kai_60_5	$selected UNL:A:1
$4kai_60_6	$selected UNL:A:1
$4kai_60_7	$selected UNL:A:1
$4kai_60_8	$selected UNL:A:1
$4kai_60_9	$selected UNL:A:1
$4kai_61_1	$selected UNL:A:1
$4kai_61_2	$selected UNL:A:1
$4kai_61_3	$selected UNL:A:1
$4kai_61_4	$selected UNL:A:1
$4kai_61_5	$selected UNL:A:1
$4kai_61_6	$selected UNL:A:1
$4kai_61_7	$selected UNL:A:1
$4kai_61_8	$selected UNL:A:1
$4kai_61_9	$selected UNL:A:1
$4kai_62_1	$selected UNL:A:1
$4kai_62_2	$selected UNL:A:1
$4kai_62_3	$selected UNL:A:1
$4kai_62_4	$selected UNL:A:1
$4kai_62_5	$selected UNL:A:1
$4kai_63_1	$selected UNL:A:1
$4kai_63_2	$selected UNL:A:1
$4kai_63_3	$selected UNL:A:1
$4kai_63_4	$selected UNL:A:1
$4kai_63_5	$selected UNL:A:1
$4kai_63_6	$selected UNL:A:1
$4kai_63_7	$selected UNL:A:1
$4kai_63_8	$selected UNL:A:1
$4kai_63_9	$selected UNL:A:1
$4kai_64_1	$selected UNL:A:1
$4kai_64_2	$selected UNL:A:1
$4kai_64_3	$selected UNL:A:1
$4kai_64_4	$selected UNL:A:1
$4kai_64_5	$selected UNL:A:1
$4kai_64_6	$selected UNL:A:1
$4kai_64_7	$selected UNL:A:1
$4kai_64_8	$selected UNL:A:1
$4kai_64_9	$selected UNL:A:1
$4kai_65_1	$selected UNL:A:1
$4kai_65_2	$selected UNL:A:1
$4kai_65_3	$selected UNL:A:1
$4kai_65_4	$selected UNL:A:1
$4kai_65_5	$selected UNL:A:1
$4kai_65_7	$selected UNL:A:1
$4kai_65_8	$selected UNL:A:1
$4kai_65_9	$selected UNL:A:1
$4kai_66_1	$selected UNL:A:1
$4kai_66_2	$selected UNL:A:1
$4kai_66_3	$selected UNL:A:1
$4kai_66_4	$selected UNL:A:1
$4kai_66_5	$selected UNL:A:1
$4kai_66_6	$selected UNL:A:1
$4kai_66_7	$selected UNL:A:1
$4kai_66_8	$selected UNL:A:1
$4kai_67_1	$selected UNL:A:1
$4kai_67_2	$selected UNL:A:1
$4kai_67_3	$selected UNL:A:1
$4kai_68_1	$selected UNL:A:1
$4kai_68_2	$selected UNL:A:1
$4kai_68_3	$selected UNL:A:1
$4kai_68_4	$selected UNL:A:1
$4kai_68_5	$selected UNL:A:1
$4kai_68_6	$selected UNL:A:1
$4kai_68_7	$selected UNL:A:1
$4kai_68_8	$selected UNL:A:1
$4kai_68_9	$selected UNL:A:1
$4kai_69_1	$selected UNL:A:1
$4kai_69_2	$selected UNL:A:1
$4kai_69_3	$selected UNL:A:1
$4kai_69_4	$selected UNL:A:1
$4kai_69_5	$selected UNL:A:1
$4kai_69_6	$selected UNL:A:1
$4kai_69_7	$selected UNL:A:1
$4kai_69_8	$selected UNL:A:1
$4kai_69_9	$selected UNL:A:1
$4kai_70_1	$selected UNL:A:1
$4kai_70_2	$selected UNL:A:1
$4kai_70_3	$selected UNL:A:1
$4kai_70_4	$selected UNL:A:1
$4kai_70_5	$selected UNL:A:1
$4kai_70_6	$selected UNL:A:1
$4kai_70_7	$selected UNL:A:1
$4kai_71_1	$selected UNL:A:1
$4kai_71_2	$selected UNL:A:1
$4kai_71_3	$selected UNL:A:1
$4kai_71_5	$selected UNL:A:1
$4kai_71_6	$selected UNL:A:1
$4kai_71_7	$selected UNL:A:1
$4kai_71_8	$selected UNL:A:1
$4kai_71_9	$selected UNL:A:1
$4kai_72_1	$selected UNL:A:1
$4kai_72_2	$selected UNL:A:1
$4kai_72_3	$selected UNL:A:1
$4kai_72_4	$selected UNL:A:1
$4kai_72_5	$selected UNL:A:1
$4kai_72_6	$selected UNL:A:1
$4kai_72_7	$selected UNL:A:1
$4kai_72_8	$selected UNL:A:1
$4kai_72_9	$selected UNL:A:1
$4kai_73_1	$selected UNL:A:1
$4kai_73_2	$selected UNL:A:1
$4kai_73_3	$selected UNL:A:1
$4kai_73_4	$selected UNL:A:1
$4kai_73_5	$selected UNL:A:1
$4kai_73_6	$selected UNL:A:1
$4kai_73_7	$selected UNL:A:1
$4kai_73_8	$selected UNL:A:1
$4kai_73_9	$selected UNL:A:1
$4kai_74_1	$selected UNL:A:1
$4kai_74_2	$selected UNL:A:1
$4kai_74_3	$selected UNL:A:1
$4kai_74_4	$selected UNL:A:1
$4kai_74_5	$selected UNL:A:1
$4kai_74_6	$selected UNL:A:1
$4kai_74_7	$selected UNL:A:1
$4kai_74_8	$selected UNL:A:1
$4kai_74_9	$selected UNL:A:1
$4kai_75_1	$selected UNL:A:1
$4kai_75_2	$selected UNL:A:1
$4kai_75_3	$selected UNL:A:1
$4kai_76_1	$selected UNL:A:1
$4kai_76_3	$selected UNL:A:1
$4kai_76_4	$selected UNL:A:1
$4kai_76_5	$selected UNL:A:1
$4kai_76_6	$selected UNL:A:1
$4kai_76_7	$selected UNL:A:1
$4kai_77_1	$selected UNL:A:1
$4kai_77_3	$selected UNL:A:1
$4kai_77_4	$selected UNL:A:1
$4kai_77_5	$selected UNL:A:1
$4kai_77_6	$selected UNL:A:1
$4kai_78_1	$selected UNL:A:1
$4kai_78_2	$selected UNL:A:1
$4kai_78_3	$selected UNL:A:1
$4kai_78_4	$selected UNL:A:1
$4kai_78_5	$selected UNL:A:1
$4kai_78_6	$selected UNL:A:1
$4kai_78_7	$selected UNL:A:1
$4kai_78_8	$selected UNL:A:1
$4kai_78_9	$selected UNL:A:1
$4kai_79_1	$selected UNL:A:1
$4kai_79_2	$selected UNL:A:1
$4kai_79_3	$selected UNL:A:1
$4kai_79_4	$selected UNL:A:1
$4kai_79_5	$selected UNL:A:1
$4kai_79_6	$selected UNL:A:1
$4kai_79_7	$selected UNL:A:1
$4kai_79_9	$selected UNL:A:1
$4kai_80_1	$selected UNL:A:1
$4kai_80_2	$selected UNL:A:1
$4kai_80_3	$selected UNL:A:1
$4kai_80_4	$selected UNL:A:1
$4kai_80_6	$selected UNL:A:1
$4kai_80_7	$selected UNL:A:1
$4kai_80_8	$selected UNL:A:1
$4kai_80_9	$selected UNL:A:1
$4kai_81_1	$selected UNL:A:1
$4kai_81_2	$selected UNL:A:1
$4kai_81_3	$selected UNL:A:1
$4kai_81_4	$selected UNL:A:1
$4kai_82_1	$selected UNL:A:1
$4kai_82_2	$selected UNL:A:1
$4kai_82_3	$selected UNL:A:1
$4kai_83_1	$selected UNL:A:1
$4kai_83_2	$selected UNL:A:1
$4kai_84_1	$selected UNL:A:1
$4kai_84_2	$selected UNL:A:1
$4kai_84_3	$selected UNL:A:1
$4kai_84_4	$selected UNL:A:1
$4kai_84_5	$selected UNL:A:1
$4kai_84_6	$selected UNL:A:1
$4kai_84_7	$selected UNL:A:1
$4kai_85_1	$selected UNL:A:1
$4kai_85_2	$selected UNL:A:1
$4kai_85_3	$selected UNL:A:1
$4kai_85_4	$selected UNL:A:1
$4kai_85_5	$selected UNL:A:1
$4kai_85_6	$selected UNL:A:1
$4kai_85_7	$selected UNL:A:1
$4kai_85_8	$selected UNL:A:1
$4kai_85_9	$selected UNL:A:1
$4kai_86_1	$selected UNL:A:1
$4kai_86_2	$selected UNL:A:1
$4kai_86_3	$selected UNL:A:1
$4kai_86_4	$selected UNL:A:1
$4kai_87_1	$selected UNL:A:1
$4kai_87_2	$selected UNL:A:1
$4kai_87_3	$selected UNL:A:1
$4kai_88_1	$selected UNL:A:1
$4kai_88_2	$selected UNL:A:1
$4kai_88_3	$selected UNL:A:1
$4kai_88_4	$selected UNL:A:1
$4kai_88_5	$selected UNL:A:1
$4kai_88_6	$selected UNL:A:1
$4kai_88_7	$selected UNL:A:1
$4kai_88_8	$selected UNL:A:1
$4kai_88_9	$selected UNL:A:1
$4kai_89_1	$selected UNL:A:1
$4kai_89_2	$selected UNL:A:1
$4kai_89_3	$selected UNL:A:1
$4kai_89_4	$selected UNL:A:1
$4kai_90_1	$selected UNL:A:1
$4kai_90_2	$selected UNL:A:1
$4kai_90_3	$selected UNL:A:1
$4kai_90_4	$selected UNL:A:1
$4kai_90_5	$selected UNL:A:1
$4kai_90_6	$selected UNL:A:1
$4kai_90_7	$selected UNL:A:1
$4kai_90_8	$selected UNL:A:1
$4kai_90_9	$selected UNL:A:1
$4kai_91_1	$selected UNL:A:1
$4kai_91_2	$selected UNL:A:1
$4kai_91_3	$selected UNL:A:1
$4kai_91_4	$selected UNL:A:1
$4kai_91_5	$selected UNL:A:1
$4kai_91_6	$selected UNL:A:1
$4kai_91_7	$selected UNL:A:1
$4kai_91_8	$selected UNL:A:1
$4kai_91_9	$selected UNL:A:1
$4kai_92_1	$selected UNL:A:1
$4kai_92_2	$selected UNL:A:1
$4kai_93_1	$selected UNL:A:1
$4kai_94_1	$selected UNL:A:1
$4kai_94_2	$selected UNL:A:1
$4kai_94_3	$selected UNL:A:1
$4kai_94_4	$selected UNL:A:1
$4kai_94_5	$selected UNL:A:1
$4kai_94_6	$selected UNL:A:1
$4kai_94_7	$selected UNL:A:1
$4kai_94_8	$selected UNL:A:1
$4kai_94_9	$selected UNL:A:1
$4kai_95_1	$selected UNL:A:1
$4kai_95_2	$selected UNL:A:1
$4kai_95_4	$selected UNL:A:1
$4kai_95_5	$selected UNL:A:1
$4kai_96_1	$selected UNL:A:1
$4kai_96_2	$selected UNL:A:1
$4kai_96_4	$selected UNL:A:1
$4kai_96_5	$selected UNL:A:1
$4kai_97_1	$selected UNL:A:1
$4kai_97_2	$selected UNL:A:1
$4kai_97_3	$selected UNL:A:1
$4kai_97_4	$selected UNL:A:1
$4kai_97_5	$selected UNL:A:1
$4kai_98_1	$selected UNL:A:1
$4kai_98_2	$selected UNL:A:1
$4kai_98_3	$selected UNL:A:1
$4kai_98_4	$selected UNL:A:1
$4kai_98_5	$selected UNL:A:1
$4kai_98_6	$selected UNL:A:1
$4kai_98_7	$selected UNL:A:1
$4kai_98_8	$selected UNL:A:1
$4kai_98_9	$selected UNL:A:1
$4kai_99_1	$selected UNL:A:1
$4kai_99_2	$selected UNL:A:1
$4kai_99_3	$selected UNL:A:1
$4kai_99_4	$selected UNL:A:1
$4kai_99_5	$selected UNL:A:1
$4kai_99_6	$selected UNL:A:1
$4kai_99_7	$selected UNL:A:1
$4kai_99_8	$selected UNL:A:1
$4kai_100_1	$selected UNL:A:1
$4kai_100_2	$selected UNL:A:1
$4kai_100_3	$selected UNL:A:1
$4kai_100_4	$selected UNL:A:1
$4kai_101_1	$selected UNL:A:1
$4kai_101_2	$selected UNL:A:1
$4kai_101_3	$selected UNL:A:1
$4kai_101_4	$selected UNL:A:1
$4kai_101_5	$selected UNL:A:1
$4kai_101_6	$selected UNL:A:1
$4kai_101_7	$selected UNL:A:1
$4kai_101_8	$selected UNL:A:1
$4kai_101_9	$selected UNL:A:1
$4kai_102_1	$selected UNL:A:1
$4kai_102_2	$selected UNL:A:1
$4kai_102_4	$selected UNL:A:1
$4kai_103_1	$selected UNL:A:1
$4kai_103_2	$selected UNL:A:1
$4kai_103_3	$selected UNL:A:1
$4kai_103_4	$selected UNL:A:1
$4kai_103_5	$selected UNL:A:1
$4kai_104_1	$selected UNL:A:1
$4kai_104_2	$selected UNL:A:1
$4kai_104_3	$selected UNL:A:1
$4kai_104_4	$selected UNL:A:1
$4kai_104_5	$selected UNL:A:1
$4kai_104_6	$selected UNL:A:1
$4kai_105_1	$selected UNL:A:1
$4kai_105_2	$selected UNL:A:1
$4kai_105_3	$selected UNL:A:1
$4kai_105_4	$selected UNL:A:1
$4kai_105_5	$selected UNL:A:1
$4kai_105_6	$selected UNL:A:1
$4kai_105_7	$selected UNL:A:1
$4kai_105_8	$selected UNL:A:1
$4kai_106_1	$selected UNL:A:1
$4kai_106_2	$selected UNL:A:1
$4kai_106_3	$selected UNL:A:1
$4kai_106_4	$selected UNL:A:1
$4kai_106_5	$selected UNL:A:1
$4kai_106_6	$selected UNL:A:1
$4kai_106_7	$selected UNL:A:1
$4kai_106_8	$selected UNL:A:1
$4kai_106_9	$selected UNL:A:1
$4kai_107_1	$selected UNL:A:1
$4kai_107_2	$selected UNL:A:1
$4kai_107_3	$selected UNL:A:1
$4kai_107_4	$selected UNL:A:1
$4kai_107_5	$selected UNL:A:1
$4kai_107_6	$selected UNL:A:1
$4kai_107_7	$selected UNL:A:1
$4kai_107_8	$selected UNL:A:1
$4kai_107_9	$selected UNL:A:1
$4kai_108_2	$selected UNL:A:1
$4kai_108_3	$selected UNL:A:1
$4kai_108_4	$selected UNL:A:1
$4kai_108_5	$selected UNL:A:1
$4kai_108_6	$selected UNL:A:1
$4kai_108_7	$selected UNL:A:1
$4kai_108_8	$selected UNL:A:1
$4kai_108_9	$selected UNL:A:1
$4kai_109_1	$selected UNL:A:1
$4kai_110_1	$selected UNL:A:1
$4kai_110_2	$selected UNL:A:1
$4kai_110_3	$selected UNL:A:1
$4kai_110_4	$selected UNL:A:1
$4kai_110_5	$selected UNL:A:1
$4kai_110_6	$selected UNL:A:1
$4kai_110_7	$selected UNL:A:1
$4kai_110_8	$selected UNL:A:1
$4kai_111_1	$selected UNL:A:1
$4kai_112_1	$selected UNL:A:1
$4kai_112_2	$selected UNL:A:1
$4kai_112_3	$selected UNL:A:1
$4kai_112_4	$selected UNL:A:1
$4kai_112_5	$selected UNL:A:1
$4kai_112_6	$selected UNL:A:1
$4kai_112_7	$selected UNL:A:1
$4kai_112_8	$selected UNL:A:1
$4kai_113_1	$selected UNL:A:1
$4kai_113_2	$selected UNL:A:1
$4kai_113_3	$selected UNL:A:1
$4kai_113_4	$selected UNL:A:1
$4kai_113_5	$selected UNL:A:1
$4kai_113_6	$selected UNL:A:1
$4kai_113_7	$selected UNL:A:1
$4kai_113_8	$selected UNL:A:1
$4kai_114_1	$selected UNL:A:1
$4kai_114_2	$selected UNL:A:1
$4kai_114_3	$selected UNL:A:1
$4kai_114_4	$selected UNL:A:1
$4kai_114_5	$selected UNL:A:1
$4kai_114_6	$selected UNL:A:1
$4kai_114_7	$selected UNL:A:1
$4kai_114_8	$selected UNL:A:1
$4kai_114_9	$selected UNL:A:1
$4kai_115_1	$selected UNL:A:1
$4kai_115_2	$selected UNL:A:1
$4kai_115_3	$selected UNL:A:1
$4kai_115_4	$selected UNL:A:1
$4kai_115_5	$selected UNL:A:1
$4kai_115_6	$selected UNL:A:1
$4kai_115_7	$selected UNL:A:1
$4kai_116_1	$selected UNL:A:1
$4kai_116_2	$selected UNL:A:1
$4kai_116_3	$selected UNL:A:1
$4kai_116_6	$selected UNL:A:1
$4kai_117_1	$selected UNL:A:1
$4kai_117_2	$selected UNL:A:1
$4kai_117_3	$selected UNL:A:1
$4kai_117_4	$selected UNL:A:1
$4kai_117_5	$selected UNL:A:1
$4kai_117_6	$selected UNL:A:1
$4kai_117_7	$selected UNL:A:1
$4kai_117_8	$selected UNL:A:1
$4kai_117_9	$selected UNL:A:1
$4kai_118_1	$selected UNL:A:1
$4kai_118_3	$selected UNL:A:1
$4kai_118_5	$selected UNL:A:1
$4kai_118_6	$selected UNL:A:1
$4kai_118_7	$selected UNL:A:1
$4kai_118_8	$selected UNL:A:1
$4kai_118_9	$selected UNL:A:1
$4kai_119_1	$selected UNL:A:1
$4kai_119_2	$selected UNL:A:1
$4kai_119_3	$selected UNL:A:1
$4kai_119_4	$selected UNL:A:1
$4kai_119_5	$selected UNL:A:1
$4kai_119_6	$selected UNL:A:1
$4kai_119_7	$selected UNL:A:1
$4kai_119_8	$selected UNL:A:1
$4kai_119_9	$selected UNL:A:1
$4kai_120_1	$selected UNL:A:1
$4kai_120_2	$selected UNL:A:1
$4kai_120_3	$selected UNL:A:1
$4kai_120_4	$selected UNL:A:1
$4kai_120_5	$selected UNL:A:1
$4kai_120_6	$selected UNL:A:1
$4kai_120_8	$selected UNL:A:1
$4kai_120_9	$selected UNL:A:1
$4kai_121_1	$selected UNL:A:1
$4kai_121_2	$selected UNL:A:1
$4kai_121_3	$selected UNL:A:1
$4kai_121_4	$selected UNL:A:1
$4kai_121_5	$selected UNL:A:1
$4kai_121_7	$selected UNL:A:1
$4kai_121_8	$selected UNL:A:1
$4kai_122_1	$selected UNL:A:1
$4kai_122_2	$selected UNL:A:1
$4kai_122_3	$selected UNL:A:1
$4kai_122_4	$selected UNL:A:1
$4kai_123_1	$selected UNL:A:1
$4kai_123_4	$selected UNL:A:1
$4kai_123_5	$selected UNL:A:1
$4kai_123_6	$selected UNL:A:1
$4kai_124_1	$selected UNL:A:1
$4kai_124_2	$selected UNL:A:1
$4kai_124_3	$selected UNL:A:1
$4kai_124_4	$selected UNL:A:1
$4kai_124_5	$selected UNL:A:1
$4kai_125_1	$selected UNL:A:1
$4kai_125_2	$selected UNL:A:1
$4kai_125_3	$selected UNL:A:1
$4kai_126_1	$selected UNL:A:1
$4kai_126_2	$selected UNL:A:1
$4kai_126_3	$selected UNL:A:1
$4kai_126_4	$selected UNL:A:1
$4kai_126_5	$selected UNL:A:1
$4kai_126_6	$selected UNL:A:1
$4kai_126_7	$selected UNL:A:1
