$3fqk_2_1	$selected UNL:A:1
$3fqk_2_2	$selected UNL:A:1
$3fqk_2_4	$selected UNL:A:1
$3fqk_2_5	$selected UNL:A:1
$3fqk_2_7	$selected UNL:A:1
$3fqk_2_8	$selected UNL:A:1
$3fqk_2_9	$selected UNL:A:1
$3fqk_3_1	$selected UNL:A:1
$3fqk_3_2	$selected UNL:A:1
$3fqk_3_3	$selected UNL:A:1
$3fqk_3_4	$selected UNL:A:1
$3fqk_4_1	$selected UNL:A:1
$3fqk_4_2	$selected UNL:A:1
$3fqk_4_3	$selected UNL:A:1
$3fqk_4_4	$selected UNL:A:1
$3fqk_5_1	$selected UNL:A:1
$3fqk_5_2	$selected UNL:A:1
$3fqk_5_3	$selected UNL:A:1
$3fqk_5_4	$selected UNL:A:1
$3fqk_6_1	$selected UNL:A:1
$3fqk_6_2	$selected UNL:A:1
$3fqk_6_3	$selected UNL:A:1
$3fqk_6_4	$selected UNL:A:1
$3fqk_6_5	$selected UNL:A:1
$3fqk_6_6	$selected UNL:A:1
$3fqk_6_7	$selected UNL:A:1
$3fqk_6_8	$selected UNL:A:1
$3fqk_6_9	$selected UNL:A:1
$3fqk_7_1	$selected UNL:A:1
$3fqk_7_2	$selected UNL:A:1
$3fqk_8_1	$selected UNL:A:1
$3fqk_8_2	$selected UNL:A:1
$3fqk_8_3	$selected UNL:A:1
$3fqk_8_4	$selected UNL:A:1
$3fqk_8_5	$selected UNL:A:1
$3fqk_8_6	$selected UNL:A:1
$3fqk_8_7	$selected UNL:A:1
$3fqk_8_8	$selected UNL:A:1
$3fqk_8_9	$selected UNL:A:1
$3fqk_9_1	$selected UNL:A:1
$3fqk_9_2	$selected UNL:A:1
$3fqk_9_3	$selected UNL:A:1
$3fqk_10_1	$selected UNL:A:1
$3fqk_10_2	$selected UNL:A:1
$3fqk_10_3	$selected UNL:A:1
$3fqk_10_4	$selected UNL:A:1
$3fqk_10_5	$selected UNL:A:1
$3fqk_10_6	$selected UNL:A:1
$3fqk_10_7	$selected UNL:A:1
$3fqk_10_8	$selected UNL:A:1
$3fqk_11_1	$selected UNL:A:1
$3fqk_11_2	$selected UNL:A:1
$3fqk_11_3	$selected UNL:A:1
$3fqk_11_4	$selected UNL:A:1
$3fqk_11_5	$selected UNL:A:1
$3fqk_11_6	$selected UNL:A:1
$3fqk_11_7	$selected UNL:A:1
$3fqk_11_8	$selected UNL:A:1
$3fqk_12_1	$selected UNL:A:1
$3fqk_12_2	$selected UNL:A:1
$3fqk_12_3	$selected UNL:A:1
$3fqk_12_4	$selected UNL:A:1
$3fqk_12_5	$selected UNL:A:1
$3fqk_12_7	$selected UNL:A:1
$3fqk_13_1	$selected UNL:A:1
$3fqk_13_2	$selected UNL:A:1
$3fqk_13_3	$selected UNL:A:1
$3fqk_13_5	$selected UNL:A:1
$3fqk_13_6	$selected UNL:A:1
$3fqk_13_8	$selected UNL:A:1
$3fqk_14_1	$selected UNL:A:1
$3fqk_14_2	$selected UNL:A:1
$3fqk_14_3	$selected UNL:A:1
$3fqk_14_4	$selected UNL:A:1
$3fqk_14_5	$selected UNL:A:1
$3fqk_14_6	$selected UNL:A:1
$3fqk_14_7	$selected UNL:A:1
$3fqk_14_8	$selected UNL:A:1
$3fqk_14_9	$selected UNL:A:1
$3fqk_15_1	$selected UNL:A:1
$3fqk_15_2	$selected UNL:A:1
$3fqk_15_3	$selected UNL:A:1
$3fqk_15_4	$selected UNL:A:1
$3fqk_15_5	$selected UNL:A:1
$3fqk_15_6	$selected UNL:A:1
$3fqk_15_7	$selected UNL:A:1
$3fqk_16_1	$selected UNL:A:1
$3fqk_16_2	$selected UNL:A:1
$3fqk_16_3	$selected UNL:A:1
$3fqk_16_4	$selected UNL:A:1
$3fqk_16_6	$selected UNL:A:1
$3fqk_17_1	$selected UNL:A:1
$3fqk_17_2	$selected UNL:A:1
$3fqk_17_3	$selected UNL:A:1
$3fqk_17_4	$selected UNL:A:1
$3fqk_17_5	$selected UNL:A:1
$3fqk_18_2	$selected UNK:A:0
$3fqk_18_3	$selected UNK:A:0
$3fqk_18_4	$selected UNK:A:0
$3fqk_18_6	$selected UNK:A:0
$3fqk_18_7	$selected UNK:A:0
$3fqk_19_1	$selected UNL:A:1
$3fqk_19_2	$selected UNL:A:1
$3fqk_19_3	$selected UNL:A:1
$3fqk_19_4	$selected UNL:A:1
$3fqk_20_1	$selected UNL:A:1
$3fqk_20_2	$selected UNL:A:1
$3fqk_20_3	$selected UNL:A:1
$3fqk_20_4	$selected UNL:A:1
$3fqk_20_5	$selected UNL:A:1
$3fqk_21_1	$selected UNL:A:1
$3fqk_21_2	$selected UNL:A:1
$3fqk_21_3	$selected UNL:A:1
$3fqk_21_4	$selected UNL:A:1
$3fqk_21_5	$selected UNL:A:1
$3fqk_22_1	$selected UNL:A:1
$3fqk_22_2	$selected UNL:A:1
$3fqk_22_3	$selected UNL:A:1
$3fqk_22_4	$selected UNL:A:1
$3fqk_22_5	$selected UNL:A:1
$3fqk_23_1	$selected UNL:A:1
$3fqk_23_2	$selected UNL:A:1
$3fqk_23_3	$selected UNL:A:1
$3fqk_23_4	$selected UNL:A:1
$3fqk_23_5	$selected UNL:A:1
$3fqk_24_1	$selected UNL:A:1
$3fqk_24_2	$selected UNL:A:1
$3fqk_25_1	$selected UNL:A:1
$3fqk_25_2	$selected UNL:A:1
$3fqk_25_3	$selected UNL:A:1
$3fqk_25_4	$selected UNL:A:1
$3fqk_25_5	$selected UNL:A:1
$3fqk_25_6	$selected UNL:A:1
$3fqk_25_7	$selected UNL:A:1
$3fqk_25_8	$selected UNL:A:1
$3fqk_26_1	$selected UNL:A:1
$3fqk_26_2	$selected UNL:A:1
$3fqk_26_3	$selected UNL:A:1
$3fqk_26_4	$selected UNL:A:1
$3fqk_26_5	$selected UNL:A:1
$3fqk_26_6	$selected UNL:A:1
$3fqk_27_1	$selected UNL:A:1
$3fqk_27_2	$selected UNL:A:1
$3fqk_27_3	$selected UNL:A:1
$3fqk_27_4	$selected UNL:A:1
$3fqk_27_5	$selected UNL:A:1
$3fqk_27_6	$selected UNL:A:1
$3fqk_27_7	$selected UNL:A:1
$3fqk_27_8	$selected UNL:A:1
$3fqk_27_9	$selected UNL:A:1
$3fqk_28_1	$selected UNL:A:1
$3fqk_28_2	$selected UNL:A:1
$3fqk_28_3	$selected UNL:A:1
$3fqk_29_1	$selected UNL:A:1
$3fqk_29_2	$selected UNL:A:1
$3fqk_29_3	$selected UNL:A:1
$3fqk_29_4	$selected UNL:A:1
$3fqk_29_5	$selected UNL:A:1
$3fqk_30_1	$selected UNL:A:1
$3fqk_30_2	$selected UNL:A:1
$3fqk_30_3	$selected UNL:A:1
$3fqk_30_4	$selected UNL:A:1
$3fqk_31_1	$selected UNL:A:1
$3fqk_32_1	$selected UNL:A:1
$3fqk_32_2	$selected UNL:A:1
$3fqk_32_3	$selected UNL:A:1
$3fqk_32_4	$selected UNL:A:1
$3fqk_32_5	$selected UNL:A:1
$3fqk_33_1	$selected UNL:A:1
$3fqk_34_1	$selected UNL:A:1
$3fqk_34_2	$selected UNL:A:1
$3fqk_34_3	$selected UNL:A:1
$3fqk_34_4	$selected UNL:A:1
$3fqk_34_5	$selected UNL:A:1
$3fqk_34_6	$selected UNL:A:1
$3fqk_34_7	$selected UNL:A:1
$3fqk_35_1	$selected UNL:A:1
$3fqk_35_2	$selected UNL:A:1
$3fqk_35_3	$selected UNL:A:1
$3fqk_35_4	$selected UNL:A:1
$3fqk_35_5	$selected UNL:A:1
$3fqk_35_6	$selected UNL:A:1
$3fqk_36_1	$selected UNL:A:1
$3fqk_36_2	$selected UNL:A:1
$3fqk_36_3	$selected UNL:A:1
$3fqk_36_4	$selected UNL:A:1
$3fqk_37_1	$selected UNL:A:1
$3fqk_37_2	$selected UNL:A:1
$3fqk_37_3	$selected UNL:A:1
$3fqk_38_1	$selected UNL:A:1
$3fqk_38_2	$selected UNL:A:1
$3fqk_38_3	$selected UNL:A:1
$3fqk_38_4	$selected UNL:A:1
$3fqk_38_5	$selected UNL:A:1
$3fqk_38_6	$selected UNL:A:1
$3fqk_39_1	$selected UNL:A:1
$3fqk_39_2	$selected UNL:A:1
$3fqk_39_3	$selected UNL:A:1
$3fqk_39_4	$selected UNL:A:1
$3fqk_39_5	$selected UNL:A:1
$3fqk_40_1	$selected UNL:A:1
$3fqk_40_2	$selected UNL:A:1
$3fqk_40_3	$selected UNL:A:1
$3fqk_40_4	$selected UNL:A:1
$3fqk_40_5	$selected UNL:A:1
$3fqk_40_6	$selected UNL:A:1
$3fqk_41_1	$selected UNL:A:1
$3fqk_41_2	$selected UNL:A:1
$3fqk_41_3	$selected UNL:A:1
$3fqk_41_4	$selected UNL:A:1
$3fqk_41_5	$selected UNL:A:1
$3fqk_41_6	$selected UNL:A:1
$3fqk_41_7	$selected UNL:A:1
$3fqk_41_8	$selected UNL:A:1
$3fqk_41_9	$selected UNL:A:1
$3fqk_42_1	$selected UNL:A:1
$3fqk_42_2	$selected UNL:A:1
$3fqk_43_1	$selected UNL:A:1
$3fqk_43_2	$selected UNL:A:1
$3fqk_43_3	$selected UNL:A:1
$3fqk_43_4	$selected UNL:A:1
$3fqk_43_5	$selected UNL:A:1
$3fqk_43_6	$selected UNL:A:1
$3fqk_44_1	$selected UNL:A:1
$3fqk_44_2	$selected UNL:A:1
$3fqk_44_3	$selected UNL:A:1
$3fqk_45_1	$selected UNL:A:1
$3fqk_45_2	$selected UNL:A:1
$3fqk_45_3	$selected UNL:A:1
$3fqk_45_4	$selected UNL:A:1
$3fqk_45_5	$selected UNL:A:1
$3fqk_45_6	$selected UNL:A:1
$3fqk_45_7	$selected UNL:A:1
$3fqk_45_8	$selected UNL:A:1
$3fqk_45_9	$selected UNL:A:1
$3fqk_46_1	$selected UNL:A:1
$3fqk_46_2	$selected UNL:A:1
$3fqk_46_3	$selected UNL:A:1
$3fqk_47_1	$selected UNL:A:1
$3fqk_47_2	$selected UNL:A:1
$3fqk_47_3	$selected UNL:A:1
$3fqk_47_4	$selected UNL:A:1
$3fqk_47_5	$selected UNL:A:1
$3fqk_47_6	$selected UNL:A:1
$3fqk_47_7	$selected UNL:A:1
$3fqk_48_1	$selected UNL:A:1
$3fqk_48_2	$selected UNL:A:1
$3fqk_48_3	$selected UNL:A:1
$3fqk_48_4	$selected UNL:A:1
$3fqk_48_5	$selected UNL:A:1
$3fqk_49_1	$selected UNL:A:1
$3fqk_49_2	$selected UNL:A:1
$3fqk_49_3	$selected UNL:A:1
$3fqk_49_4	$selected UNL:A:1
$3fqk_49_5	$selected UNL:A:1
$3fqk_49_6	$selected UNL:A:1
$3fqk_49_7	$selected UNL:A:1
$3fqk_49_8	$selected UNL:A:1
$3fqk_50_1	$selected UNL:A:1
$3fqk_50_2	$selected UNL:A:1
$3fqk_50_3	$selected UNL:A:1
$3fqk_51_1	$selected UNL:A:1
$3fqk_51_2	$selected UNL:A:1
$3fqk_52_1	$selected UNL:A:1
$3fqk_52_2	$selected UNL:A:1
$3fqk_53_1	$selected UNL:A:1
$3fqk_53_2	$selected UNL:A:1
$3fqk_53_3	$selected UNL:A:1
$3fqk_53_4	$selected UNL:A:1
$3fqk_53_5	$selected UNL:A:1
$3fqk_53_6	$selected UNL:A:1
$3fqk_53_7	$selected UNL:A:1
$3fqk_54_1	$selected UNL:A:1
$3fqk_54_2	$selected UNL:A:1
$3fqk_54_3	$selected UNL:A:1
$3fqk_54_4	$selected UNL:A:1
$3fqk_54_5	$selected UNL:A:1
$3fqk_54_6	$selected UNL:A:1
$3fqk_54_7	$selected UNL:A:1
$3fqk_54_8	$selected UNL:A:1
$3fqk_54_9	$selected UNL:A:1
$3fqk_55_1	$selected UNL:A:1
$3fqk_56_1	$selected UNL:A:1
$3fqk_56_2	$selected UNL:A:1
$3fqk_56_3	$selected UNL:A:1
$3fqk_56_4	$selected UNL:A:1
$3fqk_56_5	$selected UNL:A:1
$3fqk_57_1	$selected UNL:A:1
$3fqk_57_2	$selected UNL:A:1
$3fqk_57_3	$selected UNL:A:1
$3fqk_57_4	$selected UNL:A:1
$3fqk_57_5	$selected UNL:A:1
$3fqk_57_6	$selected UNL:A:1
$3fqk_58_1	$selected UNL:A:1
$3fqk_58_2	$selected UNL:A:1
$3fqk_58_4	$selected UNL:A:1
$3fqk_58_5	$selected UNL:A:1
$3fqk_58_6	$selected UNL:A:1
$3fqk_58_7	$selected UNL:A:1
$3fqk_58_8	$selected UNL:A:1
$3fqk_59_1	$selected UNL:A:1
$3fqk_59_2	$selected UNL:A:1
$3fqk_59_3	$selected UNL:A:1
$3fqk_59_4	$selected UNL:A:1
$3fqk_59_5	$selected UNL:A:1
$3fqk_60_1	$selected UNL:A:1
$3fqk_60_2	$selected UNL:A:1
$3fqk_60_3	$selected UNL:A:1
$3fqk_60_4	$selected UNL:A:1
$3fqk_60_5	$selected UNL:A:1
$3fqk_60_6	$selected UNL:A:1
$3fqk_60_7	$selected UNL:A:1
$3fqk_60_8	$selected UNL:A:1
$3fqk_60_9	$selected UNL:A:1
$3fqk_61_1	$selected UNL:A:1
$3fqk_61_2	$selected UNL:A:1
$3fqk_62_1	$selected UNL:A:1
$3fqk_62_2	$selected UNL:A:1
$3fqk_62_3	$selected UNL:A:1
$3fqk_62_4	$selected UNL:A:1
$3fqk_63_1	$selected UNL:A:1
$3fqk_63_2	$selected UNL:A:1
$3fqk_63_3	$selected UNL:A:1
$3fqk_63_4	$selected UNL:A:1
$3fqk_63_5	$selected UNL:A:1
$3fqk_64_2	$selected UNL:A:1
$3fqk_64_3	$selected UNL:A:1
$3fqk_64_4	$selected UNL:A:1
$3fqk_64_5	$selected UNL:A:1
$3fqk_64_6	$selected UNL:A:1
$3fqk_64_7	$selected UNL:A:1
$3fqk_65_1	$selected UNL:A:1
$3fqk_65_2	$selected UNL:A:1
$3fqk_65_3	$selected UNL:A:1
$3fqk_65_4	$selected UNL:A:1
$3fqk_65_5	$selected UNL:A:1
$3fqk_65_6	$selected UNL:A:1
$3fqk_65_7	$selected UNL:A:1
$3fqk_65_8	$selected UNL:A:1
$3fqk_66_1	$selected UNL:A:1
$3fqk_66_2	$selected UNL:A:1
$3fqk_66_3	$selected UNL:A:1
$3fqk_66_4	$selected UNL:A:1
$3fqk_66_5	$selected UNL:A:1
$3fqk_66_6	$selected UNL:A:1
$3fqk_66_7	$selected UNL:A:1
$3fqk_67_1	$selected UNL:A:1
$3fqk_67_2	$selected UNL:A:1
$3fqk_68_1	$selected UNL:A:1
$3fqk_68_2	$selected UNL:A:1
$3fqk_68_3	$selected UNL:A:1
$3fqk_68_4	$selected UNL:A:1
$3fqk_68_5	$selected UNL:A:1
$3fqk_68_6	$selected UNL:A:1
$3fqk_68_7	$selected UNL:A:1
$3fqk_68_8	$selected UNL:A:1
$3fqk_69_1	$selected UNL:A:1
$3fqk_69_2	$selected UNL:A:1
$3fqk_69_3	$selected UNL:A:1
$3fqk_69_4	$selected UNL:A:1
$3fqk_69_5	$selected UNL:A:1
$3fqk_69_6	$selected UNL:A:1
$3fqk_69_7	$selected UNL:A:1
$3fqk_69_8	$selected UNL:A:1
$3fqk_70_1	$selected UNL:A:1
$3fqk_70_2	$selected UNL:A:1
$3fqk_70_3	$selected UNL:A:1
$3fqk_70_4	$selected UNL:A:1
$3fqk_70_5	$selected UNL:A:1
$3fqk_70_6	$selected UNL:A:1
$3fqk_71_1	$selected UNL:A:1
$3fqk_71_2	$selected UNL:A:1
$3fqk_71_3	$selected UNL:A:1
$3fqk_71_4	$selected UNL:A:1
$3fqk_72_1	$selected UNL:A:1
$3fqk_72_2	$selected UNL:A:1
$3fqk_73_1	$selected UNL:A:1
$3fqk_73_2	$selected UNL:A:1
$3fqk_73_3	$selected UNL:A:1
$3fqk_73_4	$selected UNL:A:1
$3fqk_73_5	$selected UNL:A:1
$3fqk_73_6	$selected UNL:A:1
$3fqk_73_7	$selected UNL:A:1
$3fqk_74_1	$selected UNL:A:1
$3fqk_74_2	$selected UNL:A:1
$3fqk_74_3	$selected UNL:A:1
$3fqk_74_4	$selected UNL:A:1
$3fqk_74_5	$selected UNL:A:1
$3fqk_74_6	$selected UNL:A:1
$3fqk_74_7	$selected UNL:A:1
$3fqk_74_8	$selected UNL:A:1
$3fqk_74_9	$selected UNL:A:1
$3fqk_75_1	$selected UNL:A:1
$3fqk_75_2	$selected UNL:A:1
$3fqk_76_1	$selected UNL:A:1
$3fqk_76_2	$selected UNL:A:1
$3fqk_77_1	$selected UNL:A:1
$3fqk_77_2	$selected UNL:A:1
$3fqk_78_1	$selected UNL:A:1
$3fqk_78_2	$selected UNL:A:1
$3fqk_78_3	$selected UNL:A:1
$3fqk_78_4	$selected UNL:A:1
$3fqk_78_5	$selected UNL:A:1
$3fqk_79_1	$selected UNL:A:1
$3fqk_79_2	$selected UNL:A:1
$3fqk_79_3	$selected UNL:A:1
$3fqk_80_1	$selected UNL:A:1
$3fqk_80_2	$selected UNL:A:1
$3fqk_80_3	$selected UNL:A:1
$3fqk_80_4	$selected UNL:A:1
$3fqk_80_5	$selected UNL:A:1
$3fqk_80_6	$selected UNL:A:1
$3fqk_80_7	$selected UNL:A:1
$3fqk_80_8	$selected UNL:A:1
$3fqk_80_9	$selected UNL:A:1
$3fqk_81_1	$selected UNL:A:1
$3fqk_81_2	$selected UNL:A:1
$3fqk_81_3	$selected UNL:A:1
$3fqk_81_4	$selected UNL:A:1
$3fqk_81_5	$selected UNL:A:1
$3fqk_81_6	$selected UNL:A:1
$3fqk_81_8	$selected UNL:A:1
$3fqk_82_1	$selected UNL:A:1
$3fqk_82_2	$selected UNL:A:1
$3fqk_83_1	$selected UNL:A:1
$3fqk_83_2	$selected UNL:A:1
$3fqk_84_1	$selected UNL:A:1
$3fqk_84_2	$selected UNL:A:1
$3fqk_84_3	$selected UNL:A:1
$3fqk_84_4	$selected UNL:A:1
$3fqk_84_5	$selected UNL:A:1
$3fqk_84_6	$selected UNL:A:1
$3fqk_85_1	$selected UNL:A:1
$3fqk_85_2	$selected UNL:A:1
$3fqk_85_3	$selected UNL:A:1
$3fqk_85_4	$selected UNL:A:1
$3fqk_86_1	$selected UNL:A:1
$3fqk_86_2	$selected UNL:A:1
$3fqk_86_3	$selected UNL:A:1
$3fqk_86_4	$selected UNL:A:1
$3fqk_86_5	$selected UNL:A:1
$3fqk_86_6	$selected UNL:A:1
$3fqk_86_7	$selected UNL:A:1
$3fqk_87_1	$selected UNL:A:1
$3fqk_87_2	$selected UNL:A:1
$3fqk_87_3	$selected UNL:A:1
$3fqk_88_1	$selected UNL:A:1
$3fqk_88_2	$selected UNL:A:1
$3fqk_88_3	$selected UNL:A:1
$3fqk_88_4	$selected UNL:A:1
$3fqk_89_1	$selected UNL:A:1
$3fqk_89_2	$selected UNL:A:1
$3fqk_89_3	$selected UNL:A:1
$3fqk_89_4	$selected UNL:A:1
$3fqk_90_1	$selected UNL:A:1
$3fqk_90_2	$selected UNL:A:1
$3fqk_90_3	$selected UNL:A:1
$3fqk_90_4	$selected UNL:A:1
$3fqk_90_5	$selected UNL:A:1
$3fqk_90_6	$selected UNL:A:1
$3fqk_90_7	$selected UNL:A:1
$3fqk_90_8	$selected UNL:A:1
$3fqk_90_9	$selected UNL:A:1
$3fqk_91_1	$selected UNL:A:1
$3fqk_91_2	$selected UNL:A:1
$3fqk_91_3	$selected UNL:A:1
$3fqk_91_4	$selected UNL:A:1
$3fqk_91_5	$selected UNL:A:1
$3fqk_91_6	$selected UNL:A:1
$3fqk_91_7	$selected UNL:A:1
$3fqk_91_8	$selected UNL:A:1
$3fqk_92_1	$selected UNL:A:1
$3fqk_92_2	$selected UNL:A:1
$3fqk_92_3	$selected UNL:A:1
$3fqk_93_1	$selected UNL:A:1
$3fqk_93_2	$selected UNL:A:1
$3fqk_94_1	$selected UNL:A:1
$3fqk_94_2	$selected UNL:A:1
$3fqk_94_3	$selected UNL:A:1
$3fqk_94_4	$selected UNL:A:1
$3fqk_95_1	$selected UNL:A:1
$3fqk_95_2	$selected UNL:A:1
$3fqk_95_3	$selected UNL:A:1
$3fqk_96_1	$selected UNL:A:1
$3fqk_96_2	$selected UNL:A:1
$3fqk_96_3	$selected UNL:A:1
$3fqk_97_1	$selected UNL:A:1
$3fqk_97_2	$selected UNL:A:1
$3fqk_97_3	$selected UNL:A:1
$3fqk_97_4	$selected UNL:A:1
$3fqk_98_1	$selected UNL:A:1
$3fqk_98_2	$selected UNL:A:1
$3fqk_98_3	$selected UNL:A:1
$3fqk_98_4	$selected UNL:A:1
$3fqk_98_5	$selected UNL:A:1
$3fqk_98_6	$selected UNL:A:1
$3fqk_98_7	$selected UNL:A:1
$3fqk_98_8	$selected UNL:A:1
$3fqk_99_1	$selected UNL:A:1
$3fqk_99_2	$selected UNL:A:1
$3fqk_99_4	$selected UNL:A:1
$3fqk_100_1	$selected UNL:A:1
$3fqk_100_2	$selected UNL:A:1
$3fqk_101_1	$selected UNL:A:1
$3fqk_101_2	$selected UNL:A:1
$3fqk_101_3	$selected UNL:A:1
$3fqk_101_4	$selected UNL:A:1
$3fqk_101_5	$selected UNL:A:1
$3fqk_101_6	$selected UNL:A:1
$3fqk_101_7	$selected UNL:A:1
$3fqk_101_8	$selected UNL:A:1
$3fqk_101_9	$selected UNL:A:1
$3fqk_102_1	$selected UNL:A:1
$3fqk_102_2	$selected UNL:A:1
$3fqk_102_3	$selected UNL:A:1
$3fqk_103_1	$selected UNL:A:1
$3fqk_103_2	$selected UNL:A:1
$3fqk_104_1	$selected UNL:A:1
$3fqk_104_2	$selected UNL:A:1
$3fqk_104_3	$selected UNL:A:1
$3fqk_105_1	$selected UNL:A:1
$3fqk_105_2	$selected UNL:A:1
$3fqk_105_3	$selected UNL:A:1
$3fqk_105_4	$selected UNL:A:1
$3fqk_105_5	$selected UNL:A:1
$3fqk_105_6	$selected UNL:A:1
$3fqk_105_7	$selected UNL:A:1
$3fqk_106_1	$selected UNL:A:1
$3fqk_106_2	$selected UNL:A:1
$3fqk_106_3	$selected UNL:A:1
$3fqk_106_4	$selected UNL:A:1
$3fqk_106_5	$selected UNL:A:1
$3fqk_106_6	$selected UNL:A:1
$3fqk_106_7	$selected UNL:A:1
$3fqk_106_8	$selected UNL:A:1
$3fqk_107_1	$selected UNL:A:1
$3fqk_107_2	$selected UNL:A:1
$3fqk_107_3	$selected UNL:A:1
$3fqk_107_4	$selected UNL:A:1
$3fqk_107_5	$selected UNL:A:1
$3fqk_107_6	$selected UNL:A:1
$3fqk_107_7	$selected UNL:A:1
$3fqk_107_8	$selected UNL:A:1
$3fqk_107_9	$selected UNL:A:1
$3fqk_108_1	$selected UNL:A:1
$3fqk_108_2	$selected UNL:A:1
$3fqk_108_3	$selected UNL:A:1
$3fqk_108_4	$selected UNL:A:1
$3fqk_108_5	$selected UNL:A:1
$3fqk_108_6	$selected UNL:A:1
$3fqk_109_1	$selected UNL:A:1
$3fqk_109_2	$selected UNL:A:1
$3fqk_109_3	$selected UNL:A:1
$3fqk_109_4	$selected UNL:A:1
$3fqk_110_1	$selected UNL:A:1
$3fqk_110_2	$selected UNL:A:1
$3fqk_110_3	$selected UNL:A:1
$3fqk_110_4	$selected UNL:A:1
$3fqk_110_5	$selected UNL:A:1
$3fqk_111_1	$selected UNL:A:1
$3fqk_111_2	$selected UNL:A:1
$3fqk_111_3	$selected UNL:A:1
$3fqk_112_1	$selected UNL:A:1
$3fqk_112_2	$selected UNL:A:1
$3fqk_112_3	$selected UNL:A:1
$3fqk_113_1	$selected UNL:A:1
$3fqk_113_2	$selected UNL:A:1
$3fqk_113_3	$selected UNL:A:1
$3fqk_113_4	$selected UNL:A:1
$3fqk_113_5	$selected UNL:A:1
$3fqk_113_6	$selected UNL:A:1
$3fqk_113_7	$selected UNL:A:1
$3fqk_113_8	$selected UNL:A:1
$3fqk_113_9	$selected UNL:A:1
$3fqk_114_1	$selected UNL:A:1
$3fqk_114_2	$selected UNL:A:1
$3fqk_114_3	$selected UNL:A:1
$3fqk_114_4	$selected UNL:A:1
$3fqk_114_5	$selected UNL:A:1
$3fqk_114_6	$selected UNL:A:1
$3fqk_114_7	$selected UNL:A:1
$3fqk_114_8	$selected UNL:A:1
$3fqk_114_9	$selected UNL:A:1
$3fqk_115_1	$selected UNL:A:1
$3fqk_115_2	$selected UNL:A:1
$3fqk_115_3	$selected UNL:A:1
$3fqk_115_4	$selected UNL:A:1
$3fqk_115_5	$selected UNL:A:1
$3fqk_115_6	$selected UNL:A:1
$3fqk_116_1	$selected UNL:A:1
$3fqk_116_2	$selected UNL:A:1
$3fqk_116_3	$selected UNL:A:1
$3fqk_117_1	$selected UNL:A:1
$3fqk_117_2	$selected UNL:A:1
$3fqk_117_3	$selected UNL:A:1
$3fqk_117_4	$selected UNL:A:1
$3fqk_117_5	$selected UNL:A:1
$3fqk_117_6	$selected UNL:A:1
$3fqk_117_7	$selected UNL:A:1
$3fqk_117_8	$selected UNL:A:1
$3fqk_118_1	$selected UNL:A:1
$3fqk_118_2	$selected UNL:A:1
$3fqk_119_1	$selected UNL:A:1
$3fqk_119_2	$selected UNL:A:1
$3fqk_119_3	$selected UNL:A:1
$3fqk_119_4	$selected UNL:A:1
$3fqk_119_5	$selected UNL:A:1
$3fqk_119_6	$selected UNL:A:1
$3fqk_120_1	$selected UNL:A:1
$3fqk_120_2	$selected UNL:A:1
$3fqk_120_3	$selected UNL:A:1
$3fqk_120_4	$selected UNL:A:1
$3fqk_120_5	$selected UNL:A:1
$3fqk_120_6	$selected UNL:A:1
$3fqk_121_1	$selected UNL:A:1
$3fqk_121_2	$selected UNL:A:1
$3fqk_121_3	$selected UNL:A:1
$3fqk_121_4	$selected UNL:A:1
$3fqk_121_5	$selected UNL:A:1
$3fqk_121_6	$selected UNL:A:1
$3fqk_121_8	$selected UNL:A:1
$3fqk_121_9	$selected UNL:A:1
$3fqk_122_1	$selected UNL:A:1
$3fqk_123_1	$selected UNL:A:1
$3fqk_124_1	$selected UNL:A:1
$3fqk_124_2	$selected UNL:A:1
$3fqk_124_3	$selected UNL:A:1
$3fqk_124_4	$selected UNL:A:1
$3fqk_124_5	$selected UNL:A:1
$3fqk_124_6	$selected UNL:A:1
$3fqk_125_1	$selected UNL:A:1
$3fqk_125_2	$selected UNL:A:1
$3fqk_126_1	$selected UNL:A:1
$3fqk_126_2	$selected UNL:A:1
$3fqk_126_3	$selected UNL:A:1
$3fqk_126_4	$selected UNL:A:1
$3fqk_126_5	$selected UNL:A:1
$3fqk_126_6	$selected UNL:A:1
